<ImportExportXml xmlns:xsi="http://www.w3.org/2001/XMLSchema-instance">
  <Entities>
    <Entity>
      <Name LocalizedName="Account" OriginalName="">Account</Name>
      <EntityInfo>
        <entity Name="Account">
          <attributes>
            <attribute PhysicalName="msdyn_segmentid">
              <Type>lookup</Type>
              <Name>msdyn_segmentid</Name>
              <LogicalName>msdyn_segmentid</LogicalName>
              <RequiredLevel>none</RequiredLevel>
              <DisplayMask>ValidForAdvancedFind|ValidForForm|ValidForGrid</DisplayMask>
              <ValidForUpdateApi>1</ValidForUpdateApi>
              <ValidForReadApi>1</ValidForReadApi>
              <ValidForCreateApi>1</ValidForCreateApi>
              <IsCustomField>1</IsCustomField>
              <IsAuditEnabled>0</IsAuditEnabled>
              <IsSecured>0</IsSecured>
              <IntroducedVersion>1.0</IntroducedVersion>
              <IsCustomizable>1</IsCustomizable>
              <IsRenameable>1</IsRenameable>
              <CanModifySearchSettings>1</CanModifySearchSettings>
              <CanModifyRequirementLevelSettings>1</CanModifyRequirementLevelSettings>
              <CanModifyAdditionalSettings>1</CanModifyAdditionalSettings>
              <SourceType>0</SourceType>
              <IsGlobalFilterEnabled>0</IsGlobalFilterEnabled>
              <IsSortableEnabled>0</IsSortableEnabled>
              <CanModifyGlobalFilterSettings>1</CanModifyGlobalFilterSettings>
              <CanModifyIsSortableSettings>1</CanModifyIsSortableSettings>
              <IsDataSourceSecret>0</IsDataSourceSecret>
              <AutoNumberFormat></AutoNumberFormat>
              <IsSearchable>0</IsSearchable>
              <IsFilterable>0</IsFilterable>
              <IsRetrievable>0</IsRetrievable>
              <IsLocalizable>0</IsLocalizable>
              <LookupStyle>single</LookupStyle>
              <LookupTypes />
              <displaynames>
                <displayname description="Segment Id" languagecode="127" />
                <displayname description="ID segmentu" languagecode="1029" />
                <displayname description="Id. de segmento" languagecode="3082" />
                <displayname description="ID segmenta" languagecode="1050" />
                <displayname description="ID segmenta" languagecode="1060" />
                <displayname description="Segment-ID" languagecode="1031" />
                <displayname description="Segment Id" languagecode="1033" />
                <displayname description="ID segmenta" languagecode="2074" />
                <displayname description="ИД сегмента" languagecode="1049" />
                <displayname description="客户细分 ID" languagecode="2052" />
                <displayname description="Segment Kimliği" languagecode="1055" />
                <displayname description="Segmendi ID" languagecode="1061" />
                <displayname description="ID phân khúc" languagecode="1066" />
                <displayname description="Ідентифікатор сегмента" languagecode="1058" />
                <displayname description="Segment-ID" languagecode="1053" />
                <displayname description="Segmentuaren IDa" languagecode="1069" />
                <displayname description="अनुभाग Id" languagecode="1081" />
                <displayname description="ID сегмента" languagecode="3098" />
                <displayname description="ID Segmen" languagecode="1057" />
                <displayname description="Segment-id" languagecode="1043" />
                <displayname description="Αναγνωριστικό τμήματος αγοράς" languagecode="1032" />
                <displayname description="ID do segmento" languagecode="1110" />
                <displayname description="客戶細分識別碼" languagecode="3076" />
                <displayname description="ID segmento" languagecode="1040" />
                <displayname description="Сегмент идентификаторы" languagecode="1087" />
                <displayname description="معرف الشريحة" languagecode="1025" />
                <displayname description="ID del segment" languagecode="1027" />
                <displayname description="ID segmentu" languagecode="1051" />
                <displayname description="ID do Segmento" languagecode="2070" />
                <displayname description="Segmenta ID" languagecode="1062" />
                <displayname description="Segmentin tunnus" languagecode="1035" />
                <displayname description="ID do segmento" languagecode="1046" />
                <displayname description="세그먼트 ID" languagecode="1042" />
                <displayname description="Segment-ID" languagecode="1044" />
                <displayname description="Identyfikator segmentu" languagecode="1045" />
                <displayname description="客戶細分識別碼" languagecode="1028" />
                <displayname description="ID de segment" languagecode="1036" />
                <displayname description="รหัสเซ็กเมนต์" languagecode="1054" />
                <displayname description="Segment-id" languagecode="1030" />
                <displayname description="Id Segmen" languagecode="1086" />
                <displayname description="Szegmensazonosító" languagecode="1038" />
                <displayname description="Segmento ID" languagecode="1063" />
                <displayname description="セグメント ID" languagecode="1041" />
                <displayname description="מזהה פלח" languagecode="1037" />
                <displayname description="ID segment" languagecode="1048" />
                <displayname description="ИД на сегмента" languagecode="1026" />
              </displaynames>
              <Descriptions>
                <Description description="Unique identifier for Segment associated with account." languagecode="127" />
                <Description description="Jedinečný identifikátor segmentu přidruženého k account" languagecode="1029" />
                <Description description="Identificador único del segmento asociado a account." languagecode="3082" />
                <Description description="Jedinstveni identifikator za segment povezan s account." languagecode="1050" />
                <Description description="Enolični identifikator za segment, ki je povezan z account." languagecode="1060" />
                <Description description="Eindeutiger Bezeichner für das Segment, das account zugeordnet ist." languagecode="1031" />
                <Description description="Unique identifier for Segment associated with account." languagecode="1033" />
                <Description description="Jedinstveni identifikator segmenta povezanog sa account." languagecode="2074" />
                <Description description="Уникальный идентификатор сегмента, связанного с account." languagecode="1049" />
                <Description description="与 account 关联的客户细分的唯一标识符。" languagecode="2052" />
                <Description description="account ile ilişkili Segmentin benzersiz tanımlayıcısı." languagecode="1055" />
                <Description description="Olemiga account seostatud segmendi ainuidentifikaator." languagecode="1061" />
                <Description description="Mã định danh duy nhất cho Phân khúc được liên kết với account." languagecode="1066" />
                <Description description="Унікальний ідентифікатор сегмента, пов’язаного з account." languagecode="1058" />
                <Description description="Unik identifierare för segmentet som är associerat med account." languagecode="1053" />
                <Description description="account entitatearekin erlazionatutako segmentuaren identifikatzaile esklusiboa." languagecode="1069" />
                <Description description="account से संबद्ध अनुभाग के लिए युनीक आइडेंटिफ़ायर." languagecode="1081" />
                <Description description="Јединствени идентификатор сегмента повезаног са account." languagecode="3098" />
                <Description description="Pengidentifikasi unik untuk Segmen yang terkait dengan account." languagecode="1057" />
                <Description description="Unieke id van het segment dat is gekoppeld aan de account." languagecode="1043" />
                <Description description="Μοναδικό αναγνωριστικό για το τμήμα που σχετίζεται με account." languagecode="1032" />
                <Description description="Identificador único do segmento asociado ao account." languagecode="1110" />
                <Description description="與 account 相關聯之客戶細分的唯一識別碼。" languagecode="3076" />
                <Description description="Identificatore univoco del segmento associato a account." languagecode="1040" />
                <Description description="account нысанымен байланысты сегменттің бір мәнді идентификаторы." languagecode="1087" />
                <Description description="المعرف الفريد للشريحة المقترنة بـ account." languagecode="1025" />
                <Description description="Identificador únic del segment associat a account." languagecode="1027" />
                <Description description="Jednoznačný identifikátor segmentu priradeného k entite account." languagecode="1051" />
                <Description description="Identificador exclusivo do Segmento associado a account." languagecode="2070" />
                <Description description="Ar account saistītā segmenta unikālais identifikators." languagecode="1062" />
                <Description description="Kohteeseen account liittyvän segmentin yksilöivä tunnus." languagecode="1035" />
                <Description description="Identificador exclusivo do segmento associado ao account." languagecode="1046" />
                <Description description="account에 연결된 세그먼트의 고유 식별자." languagecode="1042" />
                <Description description="Unik identifikator for segmentet som er knyttet til account." languagecode="1044" />
                <Description description="Unikatowy identyfikator segmentu skojarzonego z encją account." languagecode="1045" />
                <Description description="與 account 相關聯之客戶細分的唯一識別碼。" languagecode="1028" />
                <Description description="Identificateur unique du segment associé à account." languagecode="1036" />
                <Description description="รหัสเฉพาะของเซ็กเมนต์ที่เชื่อมโยงกับ account" languagecode="1054" />
                <Description description="Entydigt id for det segment, der er tilknyttet account." languagecode="1030" />
                <Description description="Pengecam unik untuk Segmen yang dikaitkan dengan account." languagecode="1086" />
                <Description description="A következőhöz társított szegmens egyedi azonosítója: account." languagecode="1038" />
                <Description description="Su account susieto segmento unikalusis identifikatorius." languagecode="1063" />
                <Description description="account に関連付けられたセグメントを表す一意識別子です。" languagecode="1041" />
                <Description description="המזהה הייחודי של הפלח המשויך ל- account." languagecode="1037" />
                <Description description="Identificatorul unic al segmentului asociat cu account." languagecode="1048" />
                <Description description="Еднозначен идентификатор на сегмента, свързан с account." languagecode="1026" />
              </Descriptions>
            </attribute>
          </attributes>
          <EntitySetName>accounts</EntitySetName>
          <IsDuplicateCheckSupported>1</IsDuplicateCheckSupported>
          <IsBusinessProcessEnabled>1</IsBusinessProcessEnabled>
          <IsRequiredOffline>0</IsRequiredOffline>
          <IsInteractionCentricEnabled>1</IsInteractionCentricEnabled>
          <IsCollaboration>0</IsCollaboration>
          <AutoRouteToOwnerQueue>0</AutoRouteToOwnerQueue>
          <IsConnectionsEnabled>1</IsConnectionsEnabled>
          <EntityColor>#794300</EntityColor>
          <IsDocumentManagementEnabled>1</IsDocumentManagementEnabled>
          <AutoCreateAccessTeams>0</AutoCreateAccessTeams>
          <IsOneNoteIntegrationEnabled>1</IsOneNoteIntegrationEnabled>
          <IsKnowledgeManagementEnabled>0</IsKnowledgeManagementEnabled>
          <IsSLAEnabled>0</IsSLAEnabled>
          <IsDocumentRecommendationsEnabled>0</IsDocumentRecommendationsEnabled>
          <IsBPFEntity>0</IsBPFEntity>
          <OwnershipTypeMask>UserOwned</OwnershipTypeMask>
          <EntityMask>ActivityPointer</EntityMask>
          <IsAuditEnabled>1</IsAuditEnabled>
          <IsRetrieveAuditEnabled>0</IsRetrieveAuditEnabled>
          <IsRetrieveMultipleAuditEnabled>0</IsRetrieveMultipleAuditEnabled>
          <IsActivity>0</IsActivity>
          <ActivityTypeMask></ActivityTypeMask>
          <IsActivityParty>1</IsActivityParty>
          <IsReplicated>1</IsReplicated>
          <IsReplicationUserFiltered>1</IsReplicationUserFiltered>
          <IsMailMergeEnabled>1</IsMailMergeEnabled>
          <IsVisibleInMobile>1</IsVisibleInMobile>
          <IsVisibleInMobileClient>1</IsVisibleInMobileClient>
          <IsReadOnlyInMobileClient>0</IsReadOnlyInMobileClient>
          <IsOfflineInMobileClient>1</IsOfflineInMobileClient>
          <DaysSinceRecordLastModified>0</DaysSinceRecordLastModified>
          <MobileOfflineFilters>
		&lt;fetch version="1.0" output-format="xml-platform" mapping="logical" distinct="false"&gt;
			&lt;entity name="account"&gt;
				&lt;filter type="and"&gt;
					&lt;condition attribute="modifiedon" operator="last-x-days" value="10"/&gt;
				&lt;/filter&gt;
			&lt;/entity&gt;
		&lt;/fetch&gt;
	</MobileOfflineFilters>
          <IsMapiGridEnabled>1</IsMapiGridEnabled>
          <IsReadingPaneEnabled>1</IsReadingPaneEnabled>
          <IsQuickCreateEnabled>1</IsQuickCreateEnabled>
          <SyncToExternalSearchIndex>1</SyncToExternalSearchIndex>
          <IntroducedVersion>5.0.0.0</IntroducedVersion>
          <EnforceStateTransitions>0</EnforceStateTransitions>
          <EntityHelpUrlEnabled>0</EntityHelpUrlEnabled>
          <ChangeTrackingEnabled>1</ChangeTrackingEnabled>
          <IsEnabledForExternalChannels>1</IsEnabledForExternalChannels>
          <IsSolutionAware>0</IsSolutionAware>
          <HasRelatedNotes>True</HasRelatedNotes>
          <HasRelatedActivities>True</HasRelatedActivities>
        </entity>
      </EntityInfo>
      <FormXml>
        <forms type="main">
          <systemform>
            <formid>{ff49442f-8c60-4877-bdae-8fe51e6f4636}</formid>
            <IntroducedVersion>1.0</IntroducedVersion>
            <FormPresentation>0</FormPresentation>
            <FormActivationState>1</FormActivationState>
            <form>
              <tabs>
                <tab name="SUMMARY_TAB" id="{3fbb0e51-c6a6-42a1-8113-3b19558132f2}" IsUserDefined="0" showlabel="false" expanded="true" locklevel="0" labelid="{2f560d24-d34e-4924-bea4-0a8b7a4795f1}" ordinalvalue="1" solutionaction="Modified" />
                <tab name="DETAILS_TAB" id="{d76404cc-4248-474a-bc6a-8fb250ef6268}" IsUserDefined="0" showlabel="true" expanded="true" labelid="{0e36d881-8032-4ac0-b8c0-1eefd8165f88}" ordinalvalue="2" solutionaction="Modified" />
                <tab name="tab_recordwall" id="{e94e6ac4-12db-bc8c-ec81-8b20c5987655}" IsUserDefined="0" locklevel="0" showlabel="true" expanded="false" labelid="{e76142a2-e3e8-446d-a51c-172513e6cfce}" ordinalvalue="0" solutionaction="Added">
                  <labels>
                    <label description="What's New" languagecode="1033" />
                  </labels>
                  <columns>
                    <column width="100%" id="0">
                      <sections>
                        <section name="tab_recordwall_section_1" showlabel="false" showbar="false" locklevel="0" id="{ac0addcc-a626-6c98-40ee-b11edac36204}" IsUserDefined="0" layout="varwidth" columns="1" labelwidth="115" celllabelalignment="Left" celllabelposition="Left" labelid="{6d467fd7-c5ce-4740-ba71-371496ff9976}" ordinalvalue="0">
                          <labels>
                            <label description="Section" languagecode="1033" />
                          </labels>
                          <rows>
                            <row>
                              <cell id="{be13b312-b6ac-83d7-34e1-e90dc1ecbec7}" showlabel="false" colspan="1" auto="false" rowspan="15" labelid="{a6668eba-01f8-4286-ab4d-5353deddb0ab}" ordinalvalue="10000">
                                <labels>
                                  <label description="RecordWall" languagecode="1033" />
                                </labels>
                                <control id="WebResource_RecordWall" classid="{9FDF5F91-88B1-47f4-AD53-C11EFC01A01D}">
                                  <parameters>
                                    <Url>msdyn_/RecordWall.htm</Url>
                                    <PassParameters>true</PassParameters>
                                    <Security>false</Security>
                                    <Scrolling>auto</Scrolling>
                                    <Border>false</Border>
                                  </parameters>
                                </control>
                                <events>
                                  <event name="onload" application="0">
                                    <dependencies />
                                  </event>
                                </events>
                              </cell>
                            </row>
                            <row />
                            <row />
                            <row />
                            <row />
                            <row />
                            <row />
                            <row />
                            <row />
                            <row />
                            <row />
                            <row />
                            <row />
                            <row />
                            <row />
                          </rows>
                        </section>
                      </sections>
                    </column>
                  </columns>
                  <events>
                    <event name="tabstatechange" application="false" active="false">
                      <Handlers>
                        <Handler functionName="ActivityFeeds.Form.CustomizationUtils.updateRecordWallRenderingState" libraryName="msdyn_/ActivityFeeds.Form.js" handlerUniqueId="{9beb6ce6-2666-8033-a406-3d68d44b9592}" enabled="true" parameters="" passExecutionContext="true" ordinalvalue="0" />
                      </Handlers>
                    </event>
                  </events>
                </tab>
              </tabs>
              <formLibraries solutionaction="Added">
                <Library name="msdyn_/ActivityFeeds.Form.js" libraryUniqueId="{4181da4c-6d13-ba3c-c859-be404e4ee2e3}" />
              </formLibraries>
            </form>
            <LocalizedNames>
              <LocalizedName description="Account for Multisession experience" languagecode="1033" />
            </LocalizedNames>
            <Descriptions>
              <Description description="Default Multisession experience Account form." languagecode="1033" />
            </Descriptions>
          </systemform>
          <systemform>
            <formid>{b053a39a-041a-4356-acef-ddf00182762b}</formid>
            <IntroducedVersion>5.0.0.0</IntroducedVersion>
            <FormPresentation>0</FormPresentation>
            <FormActivationState>0</FormActivationState>
            <form showImage="true">
              <tabs>
                <tab name="general" verticallayout="true" id="{13b0fbf2-e596-4dc5-919b-7a0aea72598b}" IsUserDefined="0" ordinalvalue="1" solutionaction="Modified">
                  <columns>
                    <column width="100%" id="0">
                      <sections>
                        <section name="account information" showlabel="false" showbar="false" id="{407c4e29-b766-4efb-986c-f4c1d9be75ce}" IsUserDefined="0" ordinalvalue="0">
                          <rows>
                            <row>
                              <cell id="{ea0b806e-b8ff-474e-a676-962a67ec191d}" ordinalvalue="10000">
                                <labels>
                                  <label description="Account Name" languagecode="1033" solutionaction="Added" />
                                </labels>
                              </cell>
                              <cell id="{10b26e53-bc30-481a-982e-3f70c476cd6a}" ordinalvalue="20001">
                                <labels>
                                  <label description="Main Phone" languagecode="1033" solutionaction="Added" />
                                </labels>
                              </cell>
                            </row>
                            <row>
                              <cell id="{414469ee-8334-476e-ae58-8ac4692d03eb}" ordinalvalue="10002">
                                <labels>
                                  <label description="Primary Contact" languagecode="1033" solutionaction="Added" />
                                </labels>
                              </cell>
                              <cell id="{6ad12b41-f944-4536-b710-0223a9cd0e25}" ordinalvalue="20003">
                                <labels>
                                  <label description="Other Phone" languagecode="1033" solutionaction="Added" />
                                </labels>
                              </cell>
                            </row>
                            <row>
                              <cell id="{4c14f897-986a-40dc-a7ba-df7801d13f01}" ordinalvalue="10004">
                                <labels>
                                  <label description="Account Number" languagecode="1033" solutionaction="Added" />
                                </labels>
                              </cell>
                              <cell id="{c5fd4d12-00d0-45d1-9e60-595d27c4f4fc}" ordinalvalue="20005">
                                <labels>
                                  <label description="Fax" languagecode="1033" solutionaction="Added" />
                                </labels>
                              </cell>
                            </row>
                            <row>
                              <cell id="{a8a9ce07-fda7-4329-8c1f-abf5cf028319}" ordinalvalue="10006">
                                <labels>
                                  <label description="Parent Account" languagecode="1033" solutionaction="Added" />
                                </labels>
                              </cell>
                              <cell id="{b0d69ad5-9803-48bd-b7ff-145ace4093e5}" ordinalvalue="20007">
                                <labels>
                                  <label description="Website" languagecode="1033" solutionaction="Added" />
                                </labels>
                              </cell>
                            </row>
                            <row>
                              <cell id="{dd9cfe1d-a28a-4626-b56c-a247b5c7b759}" ordinalvalue="10008">
                                <labels>
                                  <label description="Email" languagecode="1033" solutionaction="Added" />
                                </labels>
                              </cell>
                            </row>
                          </rows>
                        </section>
                        <section name="description" showlabel="true" showbar="true" id="{371fc62b-6e62-4cad-9f70-76da338b39a3}" IsUserDefined="0" height="auto" ordinalvalue="3">
                          <rows>
                            <row>
                              <cell colspan="2" showlabel="false" rowspan="5" auto="true" id="{679a0c59-4a19-4383-95a6-0df4d8b7dafa}" ordinalvalue="10000">
                                <labels>
                                  <label description="Description" languagecode="1033" solutionaction="Added" />
                                </labels>
                              </cell>
                            </row>
                          </rows>
                        </section>
                      </sections>
                    </column>
                  </columns>
                </tab>
                <tab name="details" id="{e8642bdb-3b0b-4ce4-bcca-646d04e856cb}" IsUserDefined="0" ordinalvalue="2" solutionaction="Modified">
                  <columns>
                    <column width="100%" id="0">
                      <sections>
                        <section name="professional information" showlabel="true" showbar="true" id="{2bb37cd5-2d02-47cc-8464-27e5aa1c400d}" IsUserDefined="0" ordinalvalue="0">
                          <rows>
                            <row>
                              <cell colspan="2" id="{cc9400cb-5058-460d-a8e3-8ca46fe1b00c}" ordinalvalue="10000">
                                <labels>
                                  <label description="Industry" languagecode="1033" solutionaction="Added" />
                                </labels>
                              </cell>
                            </row>
                            <row>
                              <cell id="{b0dd608d-2913-43dc-9f37-386239b8c8ca}" ordinalvalue="10001">
                                <labels>
                                  <label description="Annual Revenue" languagecode="1033" solutionaction="Added" />
                                </labels>
                              </cell>
                              <cell id="{27022de3-5e5e-4d79-a540-0e99c54f2ea4}" ordinalvalue="20002">
                                <labels>
                                  <label description="Ownership" languagecode="1033" solutionaction="Added" />
                                </labels>
                              </cell>
                            </row>
                            <row>
                              <cell id="{20355ff9-a398-4f97-8fc9-86ad60b4de78}" ordinalvalue="10003">
                                <labels>
                                  <label description="Number of Employees" languagecode="1033" solutionaction="Added" />
                                </labels>
                              </cell>
                              <cell id="{ca60d618-c7f6-4dff-86bb-c80a4bf4383f}" ordinalvalue="20004">
                                <labels>
                                  <label description="Ticker Symbol" languagecode="1033" solutionaction="Added" />
                                </labels>
                              </cell>
                            </row>
                            <row>
                              <cell id="{cec04501-3f93-40ab-afb3-3fba3bd15547}" ordinalvalue="10005">
                                <labels>
                                  <label description="SIC Code" languagecode="1033" solutionaction="Added" />
                                </labels>
                              </cell>
                            </row>
                          </rows>
                        </section>
                        <section name="description" id="{22c54202-b263-46e5-9676-47112c3be47d}" ordinalvalue="1">
                          <rows>
                            <row>
                              <cell id="{2f4ffee8-4252-4343-8657-76ad64a3c0a0}" ordinalvalue="10000">
                                <labels>
                                  <label description="Territory" languagecode="1033" solutionaction="Added" />
                                </labels>
                              </cell>
                              <cell id="{75231669-b6e4-42c1-98fa-ed1fd2d4091b}" ordinalvalue="20001">
                                <labels>
                                  <label description="Relationship Type" languagecode="1033" solutionaction="Added" />
                                </labels>
                              </cell>
                            </row>
                            <row>
                              <cell id="{e869b293-84be-4743-a71a-fe6eca532aad}" ordinalvalue="10002">
                                <labels>
                                  <label description="Category" languagecode="1033" solutionaction="Added" />
                                </labels>
                              </cell>
                            </row>
                          </rows>
                        </section>
                        <section name="billing information" id="{0243b19c-f88a-410c-9d90-0862142c56e2}" ordinalvalue="2">
                          <rows>
                            <row>
                              <cell id="{33b5e3cb-6765-4cea-b1a6-b7fa071e942f}" ordinalvalue="10000">
                                <labels>
                                  <label description="Currency" languagecode="1033" solutionaction="Added" />
                                </labels>
                              </cell>
                              <cell id="{98872a67-595f-4a39-93fc-628a0d4aec4e}" ordinalvalue="20001">
                                <labels>
                                  <label description="Payment Terms" languagecode="1033" solutionaction="Added" />
                                </labels>
                              </cell>
                            </row>
                            <row>
                              <cell id="{b978afe4-1145-4d11-b73d-2d3a75674628}" ordinalvalue="10002">
                                <labels>
                                  <label description="Credit Limit" languagecode="1033" solutionaction="Added" />
                                </labels>
                              </cell>
                              <cell id="{88b1eb8d-6cb7-4172-a2e9-68d7f702a941}" ordinalvalue="20003">
                                <labels>
                                  <label description="Credit Hold" languagecode="1033" solutionaction="Added" />
                                </labels>
                              </cell>
                            </row>
                            <row>
                              <cell id="{1eefa848-c48d-47c9-8ff4-796403c5a51a}" ordinalvalue="10004">
                                <labels>
                                  <label description="Price List" languagecode="1033" solutionaction="Added" />
                                </labels>
                              </cell>
                            </row>
                          </rows>
                        </section>
                      </sections>
                    </column>
                  </columns>
                </tab>
                <tab name="contacts" id="{52c46fc3-c588-42d2-b24a-764536e3ce79}" IsUserDefined="0" ordinalvalue="3" solutionaction="Modified" />
                <tab name="notes and activities" id="{61710424-A7C1-4db5-9489-788BCDCF267A}" IsUserDefined="0" expanded="false" ordinalvalue="4" solutionaction="Modified" />
                <tab name="administration" id="{5b8906be-c80f-4c26-8ba2-b07f45cb2936}" IsUserDefined="0" ordinalvalue="5" solutionaction="Modified">
                  <columns>
                    <column width="100%" id="0">
                      <sections>
                        <section name="internal information" showlabel="false" showbar="false" id="{e40e4201-ddc0-4384-bb7a-44dd8be88ec6}" IsUserDefined="0" ordinalvalue="0">
                          <rows>
                            <row>
                              <cell id="{670dc25c-ddd3-422a-9981-e3cd3d977948}" ordinalvalue="10000">
                                <labels>
                                  <label description="Owner" languagecode="1033" solutionaction="Added" />
                                </labels>
                              </cell>
                            </row>
                          </rows>
                        </section>
                        <section name="marketing information" showlabel="true" showbar="true" locklevel="0" id="{7f86a255-fe14-4b3a-89ba-e1265712c006}" IsUserDefined="0" layout="varheight" columns="11" ordinalvalue="2">
                          <rows>
                            <row>
                              <cell id="{5d977a22-6ea8-4b46-90ed-092755c9eb08}" ordinalvalue="10000">
                                <labels>
                                  <label description="Originating Lead" languagecode="1033" solutionaction="Added" />
                                </labels>
                              </cell>
                              <cell auto="false" showlabel="true" locklevel="0" rowspan="1" colspan="1" id="{5f0552ba-6db6-4da0-b2a7-b388d3c8d280}" ordinalvalue="20001">
                                <labels>
                                  <label description="Last Date Included in Campaign" languagecode="1033" solutionaction="Added" />
                                </labels>
                              </cell>
                            </row>
                            <row>
                              <cell auto="false" showlabel="true" locklevel="0" rowspan="1" colspan="1" id="{edbbf74d-9d9b-4646-9972-e104503c87e8}" ordinalvalue="10002">
                                <labels>
                                  <label description="Send Marketing Materials" languagecode="1033" solutionaction="Added" />
                                </labels>
                              </cell>
                            </row>
                          </rows>
                        </section>
                        <section name="service preferences" showlabel="true" showbar="true" id="{DFF21ED1-106A-46FA-9C23-739C909FC16C}" IsUserDefined="0" ordinalvalue="3">
                          <rows>
                            <row>
                              <cell id="{ad68a13b-fc81-48a0-ae32-b73c15f44c2d}" ordinalvalue="10000">
                                <labels>
                                  <label description="Preferred Day" languagecode="1033" solutionaction="Added" />
                                </labels>
                              </cell>
                              <cell id="{8143f220-03cc-4174-95e1-6ddda80316fc}" ordinalvalue="20001">
                                <labels>
                                  <label description="Preferred Time" languagecode="1033" solutionaction="Added" />
                                </labels>
                              </cell>
                            </row>
                            <row>
                              <cell id="{c0894e23-3db1-4bcb-b0f9-450ed1584b0c}" ordinalvalue="10002">
                                <labels>
                                  <label description="Preferred User" languagecode="1033" solutionaction="Added" />
                                </labels>
                              </cell>
                            </row>
                          </rows>
                        </section>
                      </sections>
                    </column>
                  </columns>
                </tab>
                <tab name="tab_recordwall" id="{e94e6ac4-12db-bc8c-ec81-8b20c5987655}" IsUserDefined="0" locklevel="0" showlabel="true" expanded="false" labelid="{76d4712c-d2ad-4f01-a305-32639670d757}" ordinalvalue="0" solutionaction="Added">
                  <labels>
                    <label description="What's New" languagecode="1033" />
                  </labels>
                  <columns>
                    <column width="100%" id="0">
                      <sections>
                        <section name="tab_recordwall_section_1" showlabel="false" showbar="false" locklevel="0" id="{ac0addcc-a626-6c98-40ee-b11edac36204}" IsUserDefined="0" layout="varwidth" columns="1" labelwidth="115" celllabelalignment="Left" celllabelposition="Left" labelid="{e2dbc2c3-5577-4356-8d00-6829e0e38a28}" ordinalvalue="0">
                          <labels>
                            <label description="Section" languagecode="1033" />
                          </labels>
                          <rows>
                            <row>
                              <cell id="{be13b312-b6ac-83d7-34e1-e90dc1ecbec7}" showlabel="false" colspan="1" auto="false" rowspan="15" labelid="{7987fb06-ce1e-40b2-a3cf-5d771ca10038}" ordinalvalue="10000">
                                <labels>
                                  <label description="RecordWall" languagecode="1033" />
                                </labels>
                                <control id="WebResource_RecordWall" classid="{9FDF5F91-88B1-47f4-AD53-C11EFC01A01D}">
                                  <parameters>
                                    <Url>msdyn_/RecordWall.htm</Url>
                                    <PassParameters>true</PassParameters>
                                    <Security>false</Security>
                                    <Scrolling>auto</Scrolling>
                                    <Border>false</Border>
                                  </parameters>
                                </control>
                                <events>
                                  <event name="onload" application="0">
                                    <dependencies />
                                  </event>
                                </events>
                              </cell>
                            </row>
                            <row />
                            <row />
                            <row />
                            <row />
                            <row />
                            <row />
                            <row />
                            <row />
                            <row />
                            <row />
                            <row />
                            <row />
                            <row />
                            <row />
                          </rows>
                        </section>
                      </sections>
                    </column>
                  </columns>
                  <events>
                    <event name="tabstatechange" application="false" active="false">
                      <Handlers>
                        <Handler functionName="ActivityFeeds.Form.CustomizationUtils.updateRecordWallRenderingState" libraryName="msdyn_/ActivityFeeds.Form.js" handlerUniqueId="{9beb6ce6-2666-8033-a406-3d68d44b9592}" enabled="true" parameters="" passExecutionContext="true" ordinalvalue="0" />
                      </Handlers>
                    </event>
                  </events>
                </tab>
              </tabs>
              <header id="{2b89aa75-b991-4875-88b0-d7ed40d2aaf3}" celllabelposition="Top">
                <rows>
                  <row>
                    <cell id="{d7deb60b-a95d-5a1a-5c0b-3600cda8743c}" ordinalvalue="10000">
                      <labels>
                        <label description="Primary Contact" languagecode="1033" solutionaction="Added" />
                      </labels>
                    </cell>
                    <cell id="{b8d5b412-13ce-83b0-15e5-e13754c73da7}" ordinalvalue="20001">
                      <labels>
                        <label description="Preferred Method of Contact" languagecode="1033" solutionaction="Added" />
                      </labels>
                    </cell>
                    <cell id="{5e00a0b1-b693-1603-3bd9-612d1b3da9a0}" ordinalvalue="30002">
                      <labels>
                        <label description="Owner" languagecode="1033" solutionaction="Added" />
                      </labels>
                    </cell>
                  </row>
                  <row>
                    <cell id="{4d0995d9-05d8-4b10-7e31-3631128e4163}" ordinalvalue="10003">
                      <labels>
                        <label description="Credit Limit" languagecode="1033" solutionaction="Added" />
                      </labels>
                    </cell>
                    <cell id="{ca66c1d0-7d7a-1e71-c030-57125acd1474}" ordinalvalue="20004">
                      <labels>
                        <label description="Annual Revenue" languagecode="1033" solutionaction="Added" />
                      </labels>
                    </cell>
                  </row>
                </rows>
              </header>
              <formLibraries solutionaction="Added">
                <Library name="msdyn_/ActivityFeeds.Form.js" libraryUniqueId="{4181da4c-6d13-ba3c-c859-be404e4ee2e3}" />
              </formLibraries>
            </form>
            <LocalizedNames>
              <LocalizedName description="Information" languagecode="1033" />
            </LocalizedNames>
            <Descriptions>
              <Description description="A form for this entity." languagecode="1033" />
            </Descriptions>
          </systemform>
        </forms>
      </FormXml>
      <RibbonDiffXml>
        <CustomActions />
        <Templates>
          <RibbonTemplates Id="Mscrm.Templates"></RibbonTemplates>
        </Templates>
        <CommandDefinitions />
        <RuleDefinitions>
          <TabDisplayRules />
          <DisplayRules />
          <EnableRules />
        </RuleDefinitions>
        <LocLabels />
      </RibbonDiffXml>
    </Entity>
  </Entities>
  <Roles></Roles>
  <Workflows>
    <Workflow WorkflowId="{837a0ebf-adb6-ec11-983f-0022482bf535}" Name="Create task on update of contact">
      <JsonFileName>/Workflows/Createtaskonupdateofcontact-837A0EBF-ADB6-EC11-983F-0022482BF535.json</JsonFileName>
      <Type>1</Type>
      <Subprocess>0</Subprocess>
      <Category>5</Category>
      <Mode>0</Mode>
      <Scope>4</Scope>
      <OnDemand>0</OnDemand>
      <TriggerOnCreate>0</TriggerOnCreate>
      <TriggerOnDelete>0</TriggerOnDelete>
      <AsyncAutodelete>0</AsyncAutodelete>
      <SyncWorkflowLogOnFailure>0</SyncWorkflowLogOnFailure>
      <StateCode>1</StateCode>
      <StatusCode>2</StatusCode>
      <RunAs>1</RunAs>
      <IsTransacted>1</IsTransacted>
      <IntroducedVersion>1.0.0.0</IntroducedVersion>
      <IsCustomizable>1</IsCustomizable>
      <BusinessProcessType>0</BusinessProcessType>
      <IsCustomProcessingStepAllowedForOtherPublishers>1</IsCustomProcessingStepAllowedForOtherPublishers>
      <PrimaryEntity>none</PrimaryEntity>
      <LocalizedNames>
        <LocalizedName languagecode="1033" description="Create task on update of contact" />
      </LocalizedNames>
    </Workflow>
  </Workflows>
  <FieldSecurityProfiles></FieldSecurityProfiles>
  <Templates />
  <EntityMaps />
  <EntityRelationships>
    <EntityRelationship Name="msdyn_insightsid_salesaccelerationinsights">
      <EntityRelationshipType>OneToMany</EntityRelationshipType>
      <IntroducedVersion>9.1.2201.5003</IntroducedVersion>
      <IsHierarchical>0</IsHierarchical>
      <ReferencingEntityName>Account</ReferencingEntityName>
      <ReferencedEntityName>msdyn_salesaccelerationinsight</ReferencedEntityName>
      <CascadeAssign>NoCascade</CascadeAssign>
      <CascadeDelete>RemoveLink</CascadeDelete>
      <CascadeArchive>NoCascade</CascadeArchive>
      <CascadeReparent>NoCascade</CascadeReparent>
      <CascadeShare>NoCascade</CascadeShare>
      <CascadeUnshare>NoCascade</CascadeUnshare>
      <CascadeRollupView>NoCascade</CascadeRollupView>
      <IsValidForAdvancedFind>1</IsValidForAdvancedFind>
      <ReferencingAttributeName>msdyn_salesaccelerationinsightid</ReferencingAttributeName>
      <RelationshipDescription>
        <Descriptions>
          <Description description="Sales Acceleration Insights ID" languagecode="1033" />
        </Descriptions>
      </RelationshipDescription>
      <EntityRelationshipRoles>
        <EntityRelationshipRole>
          <NavPaneDisplayOption>DoNotDisplay</NavPaneDisplayOption>
          <NavPaneArea>Details</NavPaneArea>
          <NavPaneOrder>10000</NavPaneOrder>
          <NavigationPropertyName>msdyn_salesaccelerationinsightid</NavigationPropertyName>
          <CustomLabels>
            <CustomLabel description="" languagecode="1033" />
          </CustomLabels>
          <RelationshipRoleType>1</RelationshipRoleType>
        </EntityRelationshipRole>
        <EntityRelationshipRole>
          <RelationshipRoleType>0</RelationshipRoleType>
        </EntityRelationshipRole>
      </EntityRelationshipRoles>
    </EntityRelationship>
    <EntityRelationship Name="msdyn_msdyn_functionallocation_account">
      <EntityRelationshipType>ManyToMany</EntityRelationshipType>
      <IntroducedVersion>1.0.0.58</IntroducedVersion>
      <IsHierarchical>0</IsHierarchical>
      <FirstEntityName>msdyn_FunctionalLocation</FirstEntityName>
      <SecondEntityName>Account</SecondEntityName>
      <IntersectEntityName>msdyn_msdyn_functionallocation_account</IntersectEntityName>
      <IsValidForAdvancedFind>1</IsValidForAdvancedFind>
      <EntityRelationshipRoles>
        <EntityRelationshipRole>
          <NavPaneDisplayOption>UseCollectionName</NavPaneDisplayOption>
          <NavPaneArea>Details</NavPaneArea>
          <NavPaneOrder>10000</NavPaneOrder>
          <NavigationPropertyName>msdyn_msdyn_functionallocation_account</NavigationPropertyName>
          <AssociationRoleOrdinal>1</AssociationRoleOrdinal>
        </EntityRelationshipRole>
        <EntityRelationshipRole>
          <NavPaneDisplayOption>UseCollectionName</NavPaneDisplayOption>
          <NavPaneArea>Details</NavPaneArea>
          <NavPaneOrder>10000</NavPaneOrder>
          <NavigationPropertyName>msdyn_msdyn_functionallocation_account</NavigationPropertyName>
          <AssociationRoleOrdinal>2</AssociationRoleOrdinal>
        </EntityRelationshipRole>
      </EntityRelationshipRoles>
    </EntityRelationship>
    <EntityRelationship Name="msdyn_msdyn_segment_account">
      <EntityRelationshipType>OneToMany</EntityRelationshipType>
      <IsCustomizable>1</IsCustomizable>
      <IntroducedVersion>1.0</IntroducedVersion>
      <IsHierarchical>0</IsHierarchical>
      <ReferencingEntityName>Account</ReferencingEntityName>
      <ReferencedEntityName>msdyn_segment</ReferencedEntityName>
      <CascadeAssign>NoCascade</CascadeAssign>
      <CascadeDelete>RemoveLink</CascadeDelete>
      <CascadeArchive>NoCascade</CascadeArchive>
      <CascadeReparent>NoCascade</CascadeReparent>
      <CascadeShare>NoCascade</CascadeShare>
      <CascadeUnshare>NoCascade</CascadeUnshare>
      <CascadeRollupView>NoCascade</CascadeRollupView>
      <IsValidForAdvancedFind>1</IsValidForAdvancedFind>
      <ReferencingAttributeName>msdyn_segmentid</ReferencingAttributeName>
      <RelationshipDescription>
        <Descriptions>
          <Description description="Unique identifier for Segment associated with account." languagecode="127" />
          <Description description="Jedinečný identifikátor segmentu přidruženého k account" languagecode="1029" />
          <Description description="Identificador único del segmento asociado a account." languagecode="3082" />
          <Description description="Jedinstveni identifikator za segment povezan s account." languagecode="1050" />
          <Description description="Enolični identifikator za segment, ki je povezan z account." languagecode="1060" />
          <Description description="Eindeutiger Bezeichner für das Segment, das account zugeordnet ist." languagecode="1031" />
          <Description description="Unique identifier for Segment associated with account." languagecode="1033" />
          <Description description="Jedinstveni identifikator segmenta povezanog sa account." languagecode="2074" />
          <Description description="Уникальный идентификатор сегмента, связанного с account." languagecode="1049" />
          <Description description="与 account 关联的客户细分的唯一标识符。" languagecode="2052" />
          <Description description="account ile ilişkili Segmentin benzersiz tanımlayıcısı." languagecode="1055" />
          <Description description="Olemiga account seostatud segmendi ainuidentifikaator." languagecode="1061" />
          <Description description="Mã định danh duy nhất cho Phân khúc được liên kết với account." languagecode="1066" />
          <Description description="Унікальний ідентифікатор сегмента, пов’язаного з account." languagecode="1058" />
          <Description description="Unik identifierare för segmentet som är associerat med account." languagecode="1053" />
          <Description description="account entitatearekin erlazionatutako segmentuaren identifikatzaile esklusiboa." languagecode="1069" />
          <Description description="account से संबद्ध अनुभाग के लिए युनीक आइडेंटिफ़ायर." languagecode="1081" />
          <Description description="Јединствени идентификатор сегмента повезаног са account." languagecode="3098" />
          <Description description="Pengidentifikasi unik untuk Segmen yang terkait dengan account." languagecode="1057" />
          <Description description="Unieke id van het segment dat is gekoppeld aan de account." languagecode="1043" />
          <Description description="Μοναδικό αναγνωριστικό για το τμήμα που σχετίζεται με account." languagecode="1032" />
          <Description description="Identificador único do segmento asociado ao account." languagecode="1110" />
          <Description description="與 account 相關聯之客戶細分的唯一識別碼。" languagecode="3076" />
          <Description description="Identificatore univoco del segmento associato a account." languagecode="1040" />
          <Description description="account нысанымен байланысты сегменттің бір мәнді идентификаторы." languagecode="1087" />
          <Description description="المعرف الفريد للشريحة المقترنة بـ account." languagecode="1025" />
          <Description description="Identificador únic del segment associat a account." languagecode="1027" />
          <Description description="Jednoznačný identifikátor segmentu priradeného k entite account." languagecode="1051" />
          <Description description="Identificador exclusivo do Segmento associado a account." languagecode="2070" />
          <Description description="Ar account saistītā segmenta unikālais identifikators." languagecode="1062" />
          <Description description="Kohteeseen account liittyvän segmentin yksilöivä tunnus." languagecode="1035" />
          <Description description="Identificador exclusivo do segmento associado ao account." languagecode="1046" />
          <Description description="account에 연결된 세그먼트의 고유 식별자." languagecode="1042" />
          <Description description="Unik identifikator for segmentet som er knyttet til account." languagecode="1044" />
          <Description description="Unikatowy identyfikator segmentu skojarzonego z encją account." languagecode="1045" />
          <Description description="與 account 相關聯之客戶細分的唯一識別碼。" languagecode="1028" />
          <Description description="Identificateur unique du segment associé à account." languagecode="1036" />
          <Description description="รหัสเฉพาะของเซ็กเมนต์ที่เชื่อมโยงกับ account" languagecode="1054" />
          <Description description="Entydigt id for det segment, der er tilknyttet account." languagecode="1030" />
          <Description description="Pengecam unik untuk Segmen yang dikaitkan dengan account." languagecode="1086" />
          <Description description="A következőhöz társított szegmens egyedi azonosítója: account." languagecode="1038" />
          <Description description="Su account susieto segmento unikalusis identifikatorius." languagecode="1063" />
          <Description description="account に関連付けられたセグメントを表す一意識別子です。" languagecode="1041" />
          <Description description="המזהה הייחודי של הפלח המשויך ל- account." languagecode="1037" />
          <Description description="Identificatorul unic al segmentului asociat cu account." languagecode="1048" />
          <Description description="Еднозначен идентификатор на сегмента, свързан с account." languagecode="1026" />
        </Descriptions>
      </RelationshipDescription>
      <EntityRelationshipRoles>
        <EntityRelationshipRole>
          <NavPaneDisplayOption>DoNotDisplay</NavPaneDisplayOption>
          <NavPaneArea>Details</NavPaneArea>
          <NavigationPropertyName>msdyn_segmentid</NavigationPropertyName>
          <RelationshipRoleType>1</RelationshipRoleType>
        </EntityRelationshipRole>
        <EntityRelationshipRole>
          <NavigationPropertyName>msdyn_msdyn_segment_account</NavigationPropertyName>
          <RelationshipRoleType>0</RelationshipRoleType>
        </EntityRelationshipRole>
      </EntityRelationshipRoles>
    </EntityRelationship>
  </EntityRelationships>
  <OrganizationSettings />
  <optionsets />
  <InteractionCentricDashboards>
    <InteractionCentricDashboard>
      <LocalizedNames>
        <LocalizedName description="Accounts Dashboard" languagecode="1033" />
      </LocalizedNames>
      <Descriptions>
        <Description description="Shows an overview of data related to accounts." languagecode="1033" />
      </Descriptions>
      <FormId>{15915835-b87c-49ec-9ffc-bfac3ac44ef1}</FormId>
      <IsDefault>0</IsDefault>
      <FormXml>
        <forms type="interactioncentricdashboard">
          <form>
            <tabs filterby="createdon" timeframe="7" primaryentitylogicalname="account" entityview="{00000000-0000-0000-00AA-000010001002}" dashboardCategory="1_1" tilespresent="false">
              <tab showlabel="true" verticallayout="true" collapsible="true" id="{24fa8919-d169-4242-81cf-328f4a32377d}">
                <labels>
                  <label description="" languagecode="1033" />
                </labels>
                <columns>
                  <column width="100%">
                    <sections>
                      <section name="VisualFilters" showlabel="false" showbar="false" columns="1111" id="{0a032952-edaf-4639-8613-10890822010f}">
                        <labels>
                          <label description="" languagecode="1033" />
                        </labels>
                        <rows>
                          <row>
                            <cell colspan="1" rowspan="12" showlabel="false" ischartcell="true" id="{34e280b1-b19c-429c-8fd5-a348ee9bae12}" auto="false">
                              <labels>
                                <label description="Accounts" languagecode="1033" />
                              </labels>
                              <control id="Componentc4e86d7" classid="{E7A81278-8635-4d9e-8D4D-59480B391C5B}">
                                <parameters>
                                  <TargetEntityType>account</TargetEntityType>
                                  <ChartGridMode>Chart</ChartGridMode>
                                  <EnableQuickFind>false</EnableQuickFind>
                                  <EnableViewPicker>false</EnableViewPicker>
                                  <EnableJumpBar>false</EnableJumpBar>
                                  <RecordsPerPage>10</RecordsPerPage>
                                  <ViewId>{00000000-0000-0000-00AA-000010001002}</ViewId>
                                  <IsUserView>false</IsUserView>
                                  <ViewIds />
                                  <AutoExpand>Fixed</AutoExpand>
                                  <VisualizationId>{74A622C0-5193-DE11-97D4-00155DA3B01E}</VisualizationId>
                                  <IsUserChart>false</IsUserChart>
                                  <EnableChartPicker>false</EnableChartPicker>
                                  <RelationshipName />
                                </parameters>
                              </control>
                            </cell>
                            <cell colspan="1" rowspan="12" showlabel="false" ischartcell="true" id="{8e3a4afb-fe9c-40c0-ab92-7b29e22a3fda}" auto="false">
                              <labels>
                                <label description="Accounts" languagecode="1033" />
                              </labels>
                              <control id="Component2316e00" classid="{E7A81278-8635-4d9e-8D4D-59480B391C5B}">
                                <parameters>
                                  <TargetEntityType>account</TargetEntityType>
                                  <ChartGridMode>Chart</ChartGridMode>
                                  <EnableQuickFind>false</EnableQuickFind>
                                  <EnableViewPicker>false</EnableViewPicker>
                                  <EnableJumpBar>false</EnableJumpBar>
                                  <RecordsPerPage>10</RecordsPerPage>
                                  <ViewId>{00000000-0000-0000-00AA-000010001002}</ViewId>
                                  <IsUserView>false</IsUserView>
                                  <ViewIds />
                                  <AutoExpand>Fixed</AutoExpand>
                                  <VisualizationId>{be178262-6142-4b41-85b7-4ccedc62cfd9}</VisualizationId>
                                  <IsUserChart>false</IsUserChart>
                                  <EnableChartPicker>false</EnableChartPicker>
                                  <RelationshipName />
                                </parameters>
                              </control>
                            </cell>
                            <cell colspan="1" rowspan="12" showlabel="false" ischartcell="true" id="{46dcfd3b-a55f-4a31-ac5b-0600e9825760}" auto="false">
                              <labels>
                                <label description="Accounts" languagecode="1033" />
                              </labels>
                              <control id="Component666c4a4" classid="{E7A81278-8635-4d9e-8D4D-59480B391C5B}">
                                <parameters>
                                  <TargetEntityType>account</TargetEntityType>
                                  <ChartGridMode>Chart</ChartGridMode>
                                  <EnableQuickFind>false</EnableQuickFind>
                                  <EnableViewPicker>false</EnableViewPicker>
                                  <EnableJumpBar>false</EnableJumpBar>
                                  <RecordsPerPage>10</RecordsPerPage>
                                  <ViewId>{00000000-0000-0000-00AA-000010001002}</ViewId>
                                  <IsUserView>false</IsUserView>
                                  <ViewIds />
                                  <AutoExpand>Fixed</AutoExpand>
                                  <VisualizationId>{5B290FFF-355F-DF11-AE90-00155D2E3002}</VisualizationId>
                                  <IsUserChart>false</IsUserChart>
                                  <EnableChartPicker>false</EnableChartPicker>
                                  <RelationshipName />
                                </parameters>
                              </control>
                            </cell>
                            <cell colspan="1" rowspan="12" showlabel="false" ispreviewcell="true" ischartcell="true" id="{134cc0fd-761c-4b6c-8651-a6f65699daf0}">
                              <labels>
                                <label description="" languagecode="1033" />
                              </labels>
                            </cell>
                          </row>
                          <row />
                          <row />
                          <row />
                          <row />
                          <row />
                          <row />
                          <row />
                          <row />
                          <row />
                          <row />
                          <row />
                        </rows>
                      </section>
                    </sections>
                  </column>
                </columns>
              </tab>
              <tab name="StreamsContainer" showlabel="true" verticallayout="true" collapsible="false" id="{04777963-a981-4d85-bb77-948111df0bdf}">
                <labels>
                  <label description="" languagecode="1033" />
                </labels>
                <columns>
                  <column width="100%">
                    <sections>
                      <section name="Streams" showlabel="false" showbar="false" columns="1111" id="{98a04539-b529-4c9a-bf6d-d7ea5f171302}">
                        <labels>
                          <label description="" languagecode="1033" />
                        </labels>
                        <rows>
                          <row>
                            <cell colspan="4" rowspan="12" showlabel="false" isstreamcell="true" id="{0c1ce1d7-749f-4fcc-86cb-9f10d78ea056}">
                              <labels>
                                <label description="" languagecode="1033" />
                              </labels>
                              <control id="Component{c25c1ba2-33b6-0760-d1cc-7621224bdaa7}" classid="{EE9078C8-6946-4E2C-B8F8-35E65F4BE6A8}">
                                <parameters>
                                  <StreamObjects>
                                    <ShowAsTiles>false</ShowAsTiles>
                                    <StreamObject type="1" id="{f4e583f5-7e73-43eb-8793-276b20ff1b27}">
                                      <LogicalEntityName>account</LogicalEntityName>
                                      <EntityViewId>{00000000-0000-0000-00AA-000010001001}</EntityViewId>
                                    </StreamObject>
                                    <StreamObject type="1" id="{1974731d-f185-4bc4-b6dd-37a6fcb8e847}">
                                      <LogicalEntityName>account</LogicalEntityName>
                                      <EntityViewId>{00000000-0000-0000-00AA-000010001002}</EntityViewId>
                                    </StreamObject>
                                    <StreamObject type="1" id="{81CFD7EA-7DBD-451F-A2BA-60E61EB50E29}">
                                      <LogicalEntityName>account</LogicalEntityName>
                                      <EntityViewId>{00000000-0000-0000-00AA-000010001031}</EntityViewId>
                                    </StreamObject>
                                    <StreamObject type="1" id="{AF63BE3B-FBAA-44D4-AF06-7B52EF6C7F8E}">
                                      <LogicalEntityName>account</LogicalEntityName>
                                      <EntityViewId>{65FFAF9A-E8C5-432D-860B-32F841B00D87}</EntityViewId>
                                    </StreamObject>
                                  </StreamObjects>
                                </parameters>
                              </control>
                            </cell>
                          </row>
                          <row />
                          <row />
                          <row />
                          <row />
                          <row />
                          <row />
                          <row />
                          <row />
                          <row />
                          <row />
                          <row />
                        </rows>
                      </section>
                    </sections>
                  </column>
                </columns>
              </tab>
            </tabs>
          </form>
        </forms>
      </FormXml>
      <IntroducedVersion>8.0.0.0</IntroducedVersion>
      <IsTabletEnabled>0</IsTabletEnabled>
    </InteractionCentricDashboard>
  </InteractionCentricDashboards>
  <CustomControls />
  <EntityDataProviders />
  <CanvasApps>
    <CanvasApp>
      <Name>bk_bankingdemo_9eb1b</Name>
      <AppVersion>2022-06-02T18:04:10Z</AppVersion>
      <Status>Ready</Status>
      <CreatedByClientVersion>3.22053.15.0</CreatedByClientVersion>
      <MinClientVersion>3.22053.15.0</MinClientVersion>
      <Tags>{"primaryDeviceWidth":"1366","primaryDeviceHeight":"768","supportsPortrait":"true","supportsLandscape":"true","primaryFormFactor":"Tablet","publisherVersion":"3.22053.15","minimumRequiredApiVersion":"2.2.0","hasComponent":"false","hasUnlockedComponent":"false","isUnifiedRootApp":"false"}</Tags>
      <IsCdsUpgraded>0</IsCdsUpgraded>
      <GalleryItemId xsi:nil="true"></GalleryItemId>
      <BackgroundColor>RGBA(0,176,240,1)</BackgroundColor>
      <DisplayName>banking_demo</DisplayName>
      <Description xsi:nil="true"></Description>
      <CommitMessage xsi:nil="true"></CommitMessage>
      <Publisher xsi:nil="true"></Publisher>
      <AuthorizationReferences>[]</AuthorizationReferences>
      <ConnectionReferences>{}</ConnectionReferences>
      <DatabaseReferences>{"default.cds":{"databaseDetails":{"referenceType":"NotSpecified","environmentName":"default.cds","overrideValues":{"status":"NotSpecified"}},"dataSources":{"Contacts":{"entitySetName":"contacts","logicalName":"contact"}}}}</DatabaseReferences>
      <AppComponents>[]</AppComponents>
      <AppComponentDependencies>[]</AppComponentDependencies>
      <CanConsumeAppPass>1</CanConsumeAppPass>
      <CanvasAppType>0</CanvasAppType>
      <BypassConsent>0</BypassConsent>
      <AdminControlBypassConsent>0</AdminControlBypassConsent>
      <EmbeddedApp xsi:nil="true"></EmbeddedApp>
      <IntroducedVersion>1.0</IntroducedVersion>
      <CdsDependencies>{"cdsdependencies":[{"logicalname":"contact","componenttype":1}]}</CdsDependencies>
      <IsCustomizable>1</IsCustomizable>
      <BackgroundImageUri>/CanvasApps/bk_bankingdemo_9eb1b_BackgroundImageUri</BackgroundImageUri>
      <DocumentUri>/CanvasApps/bk_bankingdemo_9eb1b_DocumentUri.msapp</DocumentUri>
    </CanvasApp>
  </CanvasApps>
  <Languages>
    <Language>1033</Language>
  </Languages>
</ImportExportXml>